"Page","Citations"
"https://achiv.com/product/hakkoai/","48"
"https://achiv.com/product/model-diplomat/","47"
"https://achiv.com/product/mathpix/","26"
"https://achiv.com/blog/b24667f0-cbf7-4f1e-bf01-32546c891e2e-find-saas-icp-pain-points-on-reddit-before-you-build-the-wrong-feature/","10"
"https://achiv.com/product/mom-clock/","6"
"https://achiv.com/product/hoop-dev/","6"
"https://achiv.com/product/atlassian-marketplace/","6"
"https://achiv.com/product/freewaitlists/","4"
"https://achiv.com/product/claude-ai/","4"
"https://achiv.com/product/superx/","4"
"https://achiv.com/","4"
"https://achiv.com/product/room-service/","4"
"https://achiv.com/product/lean-transition-solutions/","3"
"https://achiv.com/product/lightfield/","3"
"https://achiv.com/product/dialed/","3"
"https://achiv.com/product/obooko/","2"
"https://achiv.com/blog/742824ea-9a7c-44e3-916f-261d271ba8e2-social-listening-tools-send-useless-alerts-find-real-buying-intent/","2"
"https://achiv.com/blog/42a25864-4acc-4f11-a665-5db769edb691-find-your-first-10-saas-users-without-posting-into-the-void/","2"
"https://achiv.com/product/chronoid/","1"
"https://achiv.com/product/liam/","1"
"https://achiv.com/product/shineye/","1"
"https://achiv.com/blog/6f620047-7e5e-4455-9fb8-fd1028261f72-how-to-find-buying-signals-on-linkedin-without-paying-for-sales-navigator/","1"
"https://achiv.com/product/upbot/","1"
"https://achiv.com/product/mapster/","1"
"https://achiv.com/product/batchr/","1"
