Top queries,Clicks,Impressions,CTR,Position
achiv,39,1857,2.1%,2.74
mapster unlimited,4,82,4.88%,8.76
adlibrary.com,1,100,1%,5.79
transpocket,1,58,1.72%,12.28
ai chat box,1,5,20%,29.2
https://www.myimg.ai/ai-image-to-image-generator,1,2,50%,7.5
mathos ai,1,2,50%,43.5
hookpulse,1,1,100%,7
commentions mentions,0,422,0%,8.84
"""multi-software-co/raycast-extension""",0,66,0%,7.59
apimart.ai,0,61,0%,6.33
prompt quest simulations,0,41,0%,4.68
"""alphaclaw"" openclaw",0,34,0%,7.71
"""multi-software-co/raycast-extension"" github",0,31,0%,6.39
growbro ai,0,28,0%,8.39
does dippy ai have unlimited messages,0,21,0%,7.38
ai browser with built-in llm for web navigation,0,21,0%,13.1
myimg.ai,0,21,0%,43.86
transpocket mp3,0,20,0%,5.45
is dippy ai unlimited messages,0,20,0%,6.8
"""github.com/multi-software-co/raycast-extension""",0,19,0%,6.74
reddinbox.com,0,19,0%,24.47
ajgar clothing model ai,0,18,0%,10
myimg.aoi,0,17,0%,6
prompt quest ai simulations,0,17,0%,8.12
zengato,0,16,0%,4.94
ismailable,0,15,0%,4.33
gsong ai,0,14,0%,5.21
www.getindielaunch.com,0,14,0%,15.64
achivs,0,14,0%,17.07
github multi-software-co raycast-extension,0,13,0%,4.38
atlassian marketplace,0,13,0%,29.46
groq custom silicon,0,12,0%,5.92
dictura,0,12,0%,6
https //petpetgenerator.cc/,0,12,0%,10
model diplomat,0,12,0%,12.17
is dippy ai unfiltered,0,11,0%,8.27
findmymoat,0,10,0%,4.3
transpocket ai,0,9,0%,6.89
relacan,0,8,0%,4.62
first answer ai search tool,0,8,0%,6.12
reddinbox,0,8,0%,8.25
aisheets.study,0,8,0%,11.12
gsong.ai,0,7,0%,5
multi-software-co raycast-extension github,0,7,0%,5.29
vidione,0,7,0%,7.29
1devtool,0,7,0%,8
obooko free ebooks website,0,7,0%,8.14
chronoid,0,7,0%,17.71
chatbox ai,0,7,0%,22
fix lazy eye photo app,0,7,0%,59.57
"""raycast-extension"" ""multi-software-co""",0,6,0%,3
find my moat,0,6,0%,6.33
alphaclaw ai,0,6,0%,7.17
kromio chrome extension builder,0,6,0%,9
"claude is anthropic's ai, built for problem solvers. tackle complex 
challenges, analyze data, write code, and think through your hardest work.",0,6,0%,9.67
chatboxai,0,6,0%,16.83
hakkoai,0,6,0%,20.67
chat box ai,0,6,0%,24.33
chatbox ai for windows,0,6,0%,26.17
wechat messaging apps,0,6,0%,27.67
hireotto,0,5,0%,4
luvvoice mp3 download,0,5,0%,6.8
buildrboard,0,5,0%,8.2
batchr,0,5,0%,8.4
gapsfinder.com,0,5,0%,9.2
selofy,0,5,0%,9.8
web achiv,0,5,0%,31.4
locallytools,0,4,0%,4
"""social listening tools"" -site:reddit.com -site:twitter.com -site:x.com 
-site:wykop.pl -site:tripadvisor.com -site:youtube.com -site:yelp.com 
-site:booking.com -site:facebook.com -site:instagram.com -site:tiktok.com",0,4,0%,5.25
chatbox ai desktop client,0,4,0%,5.75
untitled ui figma components,0,4,0%,5.75
facewow,0,4,0%,6.75
dippy ai chat,0,4,0%,9
autolocalise,0,4,0%,13.5
www.scriptivox.com,0,4,0%,22
happycapy,0,4,0%,29.5
chatbox,0,4,0%,39.25
dippy.ai,0,4,0%,49.25
better bug,0,4,0%,61
mathos,0,4,0%,62.75
achivm,0,3,0%,4.67
"""multi-software-co"" ""raycast-extension""",0,3,0%,6
shineye,0,3,0%,6
locpilot,0,3,0%,7.33
obooko,0,3,0%,8.33
kromio browser extension builder,0,3,0%,9.67
avomap route animation,0,3,0%,10
vatify,0,3,0%,16.33
lean-transition-solutions,0,3,0%,18.33
reelsmaker.ai,0,3,0%,26
www.myimg.ai,0,3,0%,33.67
dippy ai,0,3,0%,36.33
ai chatbox,0,3,0%,41
myimg,0,3,0%,69.33
achivi,0,2,0%,2
untitled ui design system figma components,0,2,0%,2
achaiv,0,2,0%,4.5
chatbox ai %localappdata%,0,2,0%,4.5
poptask,0,2,0%,5
qoredb,0,2,0%,5
locally tools,0,2,0%,6
https://www.myimg.ai/ai-image-generator,0,2,0%,6.5
"""apimart.ai""",0,2,0%,7
vatify.eu,0,2,0%,7
obooko free ebook platform,0,2,0%,7.5
multifield copycat chrome extension,0,2,0%,8
aishavip,0,2,0%,8.5
myimg.aim,0,2,0%,8.5
avomap,0,2,0%,9
usefastlane.ai,0,2,0%,9.5
myimg.ai official site,0,2,0%,10
achiv creation,0,2,0%,11.5
devicesfinder-com,0,2,0%,16.5
myimg ai review,0,2,0%,17
hakkoai supported games,0,2,0%,18.5
bityclips,0,2,0%,19
is myimg.ai legit,0,2,0%,19.5
lovetunesai,0,2,0%,19.5
happycapy pricing,0,2,0%,21
hookpulse.io,0,2,0%,21.5
stamp mail ai,0,2,0%,22
hakko ai reddit,0,2,0%,23
chatboxai.app,0,2,0%,24.5
supapin.com,0,2,0%,24.5
growbro,0,2,0%,32
marketplace atlassian,0,2,0%,32
atlassian market,0,2,0%,33
betterbugs,0,2,0%,36.5
happycapy.ai,0,2,0%,38
tabai,0,2,0%,38.5
lightfield.app products services,0,2,0%,39.5
myimg ai,0,2,0%,43.5
tato studio,0,2,0%,48
photofeeler.com,0,2,0%,50
ai chatboxes,0,2,0%,51.5
lazyeyefix ai photo editor,0,2,0%,51.5
fix lazy eye in photo,0,2,0%,59
better bugs,0,2,0%,79
kromio ai,0,1,0%,1
myimg.aitittydrop,0,1,0%,2
acchiv,0,1,0%,3
chatbox ai desktop app features,0,1,0%,3
"""https://github.com/multi-software-co/raycast-extension""",0,1,0%,4
achivcam,0,1,0%,4
ai image video myimg,0,1,0%,4
obooko free ebooks,0,1,0%,4
"""gsong.ai""",0,1,0%,5
ai myomg,0,1,0%,5
https://www.shakker.ai/,0,1,0%,5
apimart,0,1,0%,6
multifield copycat,0,1,0%,6
notepad 101,0,1,0%,6
obooko books,0,1,0%,6
obooko.com free books,0,1,0%,6
reszi,0,1,0%,6
alphaclaw,0,1,0%,7
alphaclaw ai agent,0,1,0%,7
axaviv,0,1,0%,7
camprs,0,1,0%,7
downmark,0,1,0%,7
mathos ai reddit,0,1,0%,7
mathpix pdf to markdown official docs,0,1,0%,7
my img si,0,1,0%,7
the keyword google official blog,0,1,0%,7
usefastlane ai,0,1,0%,7
what is alphaclaw,0,1,0%,7
multi field copycat,0,1,0%,8
aden hive reddit,0,1,0%,9
axiv,0,1,0%,9
chai4me,0,1,0%,9
compounded tirzepatide (helimeds) reviews,0,1,0%,9
hakkoai reddit,0,1,0%,9
kromio ai browser extension builder,0,1,0%,9
novavoice,0,1,0%,9
superx grow on x,0,1,0%,9
"""kromio"" browser extension builder",0,1,0%,10
acaiv,0,1,0%,10
aichive,0,1,0%,10
alphaclaw render,0,1,0%,10
hakkoai pricing,0,1,0%,10
kalen ai,0,1,0%,10
kromio browser extension tool,0,1,0%,10
lean transition solutions,0,1,0%,10
modeldiplomat company,0,1,0%,10
novavoice ai,0,1,0%,10
obooko free ebooks site,0,1,0%,10
online notepad,0,1,0%,10
rezi built for ats,0,1,0%,10
superx ai twitter tool,0,1,0%,10
the keyword google blog latest,0,1,0%,10
tobira ai,0,1,0%,10
alphaclaw vs openclaw,0,1,0%,11
chatbox ai mobile app android ios,0,1,0%,11
how to make your text look cursed,0,1,0%,11
what is hakko ai,0,1,0%,11
alphaclaw openclaw github,0,1,0%,12
turrboo,0,1,0%,13
adlibraryh,0,1,0%,16
thegro ai,0,1,0%,16
chatbox ai app what is it,0,1,0%,17
myimg.ai review,0,1,0%,17
dippy-ai chat,0,1,0%,19
untitled ui,0,1,0%,19
chatbox app,0,1,0%,20
myselpost,0,1,0%,20
helimeds review,0,1,0%,25
stichby google,0,1,0%,25
betterbugs.io,0,1,0%,29
ezremove,0,1,0%,30
dippy ai noah,0,1,0%,31
what is chat box app,0,1,0%,31
ai roleplay unlimited,0,1,0%,32
ai roleplay unlimited messages,0,1,0%,33
boiv llc,0,1,0%,36
macaly pricing,0,1,0%,36
mymng ai,0,1,0%,44
aicarouselcreator.com,0,1,0%,45
lummi ai,0,1,0%,45
lummi images,0,1,0%,46
myimg.io,0,1,0%,50
chiv,0,1,0%,57
lazy eye fixer,0,1,0%,58
your-simple-converter.vercel.app,0,1,0%,63
lummi,0,1,0%,64
humbot,0,1,0%,70
littlebird,0,1,0%,84
musicgeneratorai,0,1,0%,88
https://musicgeneratorai.com/,0,1,0%,93
uncensored unlimited ai chat,0,1,0%,147